portfolio,years,mean_alpha_annual,median_alpha_annual,std_alpha_annual,pos_alpha_share,sig_alpha_share
Q1,26,0.010230162551452189,-0.0024608976373457995,0.06106422100187098,0.4230769230769231,0.19230769230769232
Q2,26,0.00950204286882286,0.004911502686530214,0.025810298740998765,0.6153846153846154,0.11538461538461539
Q3,26,-0.004232322576776618,-0.006786575926806976,0.027562496850106023,0.4230769230769231,0.15384615384615385
Q4,26,0.004016596109729425,-0.001980272392146251,0.03396964703231884,0.46153846153846156,0.15384615384615385
Q5,26,0.012280493453469408,0.012809461237294694,0.04593003504370218,0.6153846153846154,0.15384615384615385
Q5-Q1,26,0.002050330902017222,-0.0019146013696428202,0.06168135091648435,0.5,0.07692307692307693
