portfolio,years,mean_future_alpha_annual,median_future_alpha_annual,std_future_alpha_annual,pos_share,tstat_mean
Q1,25,0.011826033573004446,0.012028909052169832,0.04341545038202472,0.68,1.3619614064744072
Q2,25,-0.0021407727944368305,-0.005228487153775225,0.02567460764588583,0.4,-0.4169046756163134
Q3,25,0.005898638240198868,0.004039489775987394,0.01926001769104151,0.56,1.5313169320043059
Q4,25,0.0027405023229742187,0.0049097715199565095,0.027077558832674865,0.56,0.5060467858105466
Q5,25,-0.0047865637017099226,-0.004600104974413206,0.03809564876143243,0.4,-0.6282297135409046
Q5-Q1,25,-0.01661259727471437,-0.01674290606665707,0.048187970966123116,0.32,-1.7237286548538515
