outcome,model,n_obs,beta_score,t_score,p_score,r2
downside_shift_year,pooled,1043,-0.034738176777298714,-3.6722910430667475,0.00024038568771153794,0.018399143768813575
downside_shift_year,year_fe,1043,-0.034724660511866366,-3.836748003668506,0.00012467428627598707,0.11567929748384098
tail_shift_year,pooled,1043,-0.03697025329653754,-4.335574252259383,1.4538008834840366e-05,0.02491248589309558
tail_shift_year,year_fe,1043,-0.036921473024498275,-4.472767432866318,7.721374108726854e-06,0.11265636573262361
